schedules_id,organizations_id
1,
2,
3,
5,15
6,869
7,868
13,
14,870
15,870
16,871
17,872
19,873
21,861
22,862
23,863
24,864
25,865
26,867
27,866
28,876
29,864
30,877
31,883
32,884
33,885
34,886
35,864
36,887
37,888
38,864
39,889
40,890
41,891
42,864
43,892
44,862
45,893
46,894
47,896
48,896
49,897
50,897
51,897
52,897
53,897
54,897
55,897
56,898
60,899
61,899
65,
66,
67,
68,10
69,10
70,10
71,901
72,902
73,902
74,902
75,902
76,903
77,903
78,904
79,905
80,14
81,14
82,906
83,906
84,906
85,906
86,906
87,906
88,902
89,902
90,923
91,923
92,923
95,923
96,923
97,923
98,924
99,924
100,838
101,925
102,925
103,925
104,927
105,927
106,927
107,928
108,928
109,929
110,929
111,930
112,930
113,930
114,930
115,930
116,930
117,930
118,930
119,930
120,930
121,930
122,930
123,930
124,931
125,931
126,931
127,933
128,933
129,933
130,933
131,933
132,933
133,934
134,934
135,934
136,935
137,935
138,936
139,936
140,906
141,906
142,906
143,907
144,907
145,902
146,897
147,897
148,897
149,897
150,897
151,937
152,938
153,939
154,940
155,941
156,942
157,943
158,944
159,873
160,945
161,946
162,10
163,947
164,948
165,949
166,950
167,951
168,952
169,953
170,954
171,955
172,956
173,956
174,957
175,963
176,963
177,963
178,963
179,963
180,963
181,963
182,963
183,963
184,963
185,963
186,963
187,963
188,963
189,897
190,897
191,897
192,897
193,897
194,897
195,897
196,897
197,897
198,897
199,897
200,897
201,
202,966
203,966
204,966
205,967
206,967
207,967
208,967
209,967
210,967
211,967
212,968
213,9
214,969
215,958
216,957
217,970
218,979
219,979
220,979
221,979
222,979
223,979
224,979
225,979
226,979
227,979
228,980
229,980
230,980
231,980
232,980
233,980
234,980
235,980
236,981
237,981
238,981
239,981
240,981
241,981
242,981
243,981
244,981
245,982
246,982
247,982
248,982
249,982
250,982
251,982
252,
253,983
254,984
255,985
256,985
257,987
258,968
259,968
260,968
261,968
262,968
263,968
264,968
265,988
266,989
267,988
268,9
269,990
270,991
271,
272,961
273,961
274,961
275,958
276,958
277,957
278,906
279,
280,
281,
282,
283,
284,
285,
286,907
287,
288,
289,
290,
291,997
292,997
293,997
294,997
295,998
296,902
297,999
298,
299,
300,1001
301,1001
302,1001
303,1001
304,1001
305,1001
306,1001
307,
308,
309,
310,
311,
312,
313,
314,
315,1004
316,1006
317,1006
318,1006
319,1006
320,1006
321,1006
322,1013
323,1016
324,1017
325,1019
326,1020
327,1021
328,1022
329,1023
330,1024
331,1025
332,1026
333,1027
335,958
336,
337,
338,1019
339,1028
340,1029
341,1030
342,1031
343,1032
344,1033
345,1034
346,1035
347,843
348,1054
349,1057
350,1057
351,1057
352,1059
353,977
357,1060
358,1061
359,1056
360,1062
361,1063
362,1056
363,946
364,1066
365,946
366,1068
367,1069
368,1070
369,1070
370,1073
371,1073
372,1072
373,1076
374,1076
375,1076
376,1076
377,1076
378,1076
379,1076
380,1076
381,1076
382,1076
383,1079
384,1079
385,1080
386,15
387,1081
388,1087
389,1087
390,1087
391,1087
392,1087
393,1087
395,1088
396,1088
397,1088
398,1088
399,1090
400,1089
401,1089
403,1092
404,1094
405,1099
406,1099
407,1099
408,1100
409,1101
410,1101
411,1101
412,1102
413,1081
414,1081
415,1103
416,1103
417,1104
418,1104
419,1105
420,843
421,1106
422,1107
423,1108
424,1109
425,1110
426,1110
427,1110
428,1110
429,1110
430,1110
431,1112
432,
433,1114
434,1115
435,1116
436,1115
437,1115
438,1116
439,1118
440,1118
441,1117
442,1120
443,1119
444,1119
445,1121
446,1122
447,1123
448,1123
449,1125
450,838
451,838
452,838
453,838
454,1127
455,1127
456,1127
457,1127
458,1127
459,1129
460,946
461,946
462,1131
463,1131
464,1132
465,1132
466,929
467,1071
468,1136
469,1137
470,1139
471,1118
472,1122
473,1115
474,1140
475,1141
476,843
477,843
478,973
479,843
480,973
481,1143
482,973
483,1144
484,1071
485,1145
486,1146
487,1147
488,1147
489,1147
490,1147
491,1147
492,1147
493,1147
494,1148
495,1148
496,1148
497,1149
498,1149
499,
500,1149
501,1149
502,1149
503,1149
504,1149
505,1149
506,1149
507,1149
508,1149
509,1149
510,1149
511,1149
512,1149
513,1149
514,1150
515,1150
516,1150
517,1150
518,1151
519,1152
520,1153
521,1153
522,1160
523,1161
524,1163
525,1164
526,1166
527,1166
528,1165
529,1167
530,1168
531,1169
532,1170
533,1171
534,1172
535,1173
536,1011
537,1110
538,1110
539,1110
540,1110
541,1110
542,1110
543,1176
544,1030
545,1124
546,1176
547,961
548,1169
549,1177
550,1177
551,1179
552,1179
553,1179
554,1179
555,1180
556,1185
557,1184
558,1185
559,1184
560,1186
561,1186
562,1187
563,1187
564,1187
565,1187
566,1188
567,1189
568,1190
569,1190
570,1185
571,1186
572,1055
573,1073
574,1073
575,1140
576,1150
577,1150
578,871
579,868
580,1192
581,1192
582,1111
583,1177
584,1177
585,838
586,1195
587,1196
588,838
589,838
590,929
591,929
592,1199
593,1061
594,1199
595,843
596,1178
597,1201
598,1201
599,1071
600,1071
601,1071
602,1202
603,1202
604,1188
605,1094
606,1094
607,1094
608,1203
609,1206
610,1206
611,1206
612,1182
613,1208
614,1208
615,843
616,1209
617,1188
618,1210
619,1210
620,1213
621,1213
622,1214
623,1214
624,1188
625,1216
626,1081
627,1217
628,1218
629,1218
630,1221
631,1219
632,1219
633,1192
634,1192
635,1223
636,1223
637,1229
638,1229
639,1229
640,1230
641,1230
642,1253
643,
644,1261
645,1270
646,1270
647,1270
648,1270
649,1270
651,1008
652,2
653,2360
654,2362
655,2364
656,2365
657,2365
